mean,std,median,min,max,ptp,variance,skewness,kurtosis,class
865.4780555555556,41.10389365980933,858.0,801,1082,281,1689.5300739969136,2.697680257856785,9.221512925167227,NSR
863.5555555555555,40.17341882696709,855.0,812,1066,254,1613.9035802469134,2.7968597272095335,9.146752000080657,NSR
980.3486111111112,41.657223906863294,972.0,926,1319,393,1735.324303626543,3.888978385947849,20.476192885439595,NSR
969.1827777777778,39.39353349438001,962.0,913,1277,364,1551.8504811728394,3.775063184406597,20.998997889595195,NSR
974.7830555555555,58.017137234491344,957.0,904,1349,445,3365.988212885802,2.609335065703327,9.17546113264684,NSR
1051.518611111111,61.97655191247635,1041.0,1000,1475,475,3841.0929869598763,4.707320089054503,23.923792330036434,NSR
897.585,56.76696024097116,890.0,714,1331,617,3222.487775,4.2011913896948245,24.350214089855186,NSR
972.6702777777778,61.37013755285361,962.0,908,1284,376,3766.293783256173,3.0414684468393896,10.29761470321538,NSR
988.2347222222222,54.64536337889729,975.0,901,1407,506,2986.115738811729,3.904092807534379,19.729235510228463,NSR
988.1066666666667,49.27970350740534,977.0,827,1205,378,2428.489177777778,0.9925896929639703,3.1200138662621884,NSR
872.6236111111111,37.792228011470655,875.0,793,1063,270,1428.2524980709875,1.385603919639283,4.408825421061511,NSR
957.5275,111.5755166262593,941.0,746,1446,700,12449.095910416667,1.6549266026201692,4.39055219766381,NSR
981.1902777777777,34.99100146117817,976.0,874,1146,272,1224.3701832561728,2.0619334116913124,6.495323219591267,NSR
870.6563888888888,46.157002457360306,859.0,660,1035,375,2130.4688758487655,0.7217572265003163,2.876939815033336,NSR
985.6402777777778,60.29584277110981,974.5,912,1297,385,3635.588655478395,2.9596726614364086,9.901809889320456,NSR
943.3608333333333,90.52507675516094,924.0,698,1458,760,8194.789521527779,1.261263207303588,2.921304117378348,NSR
895.2897222222222,84.21924895394926,873.0,650,1409,759,7092.881894367284,1.7054036927599965,5.8409892033754325,NSR
974.6913888888889,49.089708508039855,977.0,779,1167,388,2409.799481404321,-0.15588835898429879,1.0541467841366003,NSR
911.3244444444445,60.9864990726292,910.0,714,1362,648,3719.3530691358023,3.73481232627874,21.591989378357,NSR
986.6658333333334,46.03139930012749,980.0,808,1278,470,2118.8897215277775,2.2633953391695756,12.506767309866095,NSR
962.9727777777778,39.197474876940674,958.0,904,1243,339,1536.4420367283954,4.390423074997146,23.452108320085053,NSR
989.7411111111111,81.45068159382564,958.0,880,1452,572,6634.213532098765,2.6560414379863673,8.407952290788785,NSR
986.2636111111111,43.31719197147029,976.0,944,1294,350,1876.37912029321,4.057457738552746,19.584264750108368,NSR
997.2572222222223,37.6457383312663,990.0,912,1205,293,1417.2016145061727,1.6150693323497674,4.782598375211095,NSR
972.5308333333334,35.69597151835048,966.0,900,1138,238,1274.2023826388888,1.131740070321483,2.3399149784415894,NSR
927.535,59.461139480616524,918.0,740,1384,644,3535.627108333333,4.654765929963485,28.946317822306824,NSR
972.725,40.087285841163045,967.0,911,1274,363,1606.990486111111,4.0368163587757735,22.47466806414093,NSR
1030.6363888888889,61.21661682785782,1020.0,978,1470,492,3747.4741758487653,4.852594990545336,25.703026033758817,NSR
845.7797222222222,69.60794638489803,829.0,759,1186,427,4845.266199922839,3.1954082808733104,10.366132377864748,NSR
855.6177777777777,46.18152607501493,849.0,641,1015,374,2132.733350617284,0.5031424248234067,2.525238458421203,NSR
927.0405555555556,70.71967367102172,919.0,680,1422,742,5001.272244135803,3.412229561862728,18.769472554433378,NSR
900.5816666666667,74.64648534927817,890.5,711,1385,674,5572.097775,1.7075021903005985,6.676846995922041,NSR
1022.1258333333334,61.32526214443223,1013.0,957,1471,514,3760.787777083333,4.862874068310522,25.991361117834614,NSR
958.2377777777778,40.10507193687263,952.0,899,1254,355,1608.4167950617286,3.7947114443869756,20.14882177498258,NSR
989.6191666666666,89.59886047995005,960.0,831,1479,648,8027.955799305555,1.8728014785228617,4.66279360412131,NSR
845.9561111111111,44.13390944222278,835.0,648,1002,354,1947.801962654321,0.46170086064729615,3.1117893240735057,NSR
916.2308333333333,69.73596867530652,902.0,688,1398,710,4863.105327083333,3.0928283204396156,15.76631606721571,NSR
991.2041666666667,69.1440062026348,977.0,826,1440,614,4780.89359375,3.634796090980829,17.321805904224846,NSR
967.1705555555556,30.17790434742726,971.0,819,1036,217,910.705910802469,-1.2854858534684788,3.190648587201883,NSR
1005.6544444444445,51.05563449395421,1005.0,887,1260,373,2606.677813580247,0.7322087310699631,1.396572865341791,NSR
971.2102777777778,29.20879728458069,973.0,825,1038,213,853.1538388117284,-1.7822107270062737,5.4730675820007235,NSR
992.0333333333333,38.84544160301609,983.0,936,1229,293,1508.9683333333332,3.138619763951008,13.140467274268376,NSR
852.6830555555556,39.15063276907713,844.0,799,1066,267,1532.7720462191357,2.732193019654893,9.287460025559849,NSR
1036.9505555555556,53.75638773126018,1028.0,994,1440,446,2889.7492219135806,5.126860954046453,28.448405127329004,NSR
916.6805555555555,61.12886352000103,907.0,657,1359,702,3736.7379552469133,4.0215582245168635,26.03171879320181,NSR
829.3858333333334,120.11430560269109,797.0,605,1526,921,14427.446410416667,3.388557299781252,13.478288130234175,NSR
1026.4244444444444,55.19802595325129,1016.5,973,1438,465,3046.822069135803,4.856912318596979,26.176339152694325,NSR
861.1188888888889,42.73552749032757,851.0,667,1020,353,1826.3253098765435,0.6991173689862167,3.2808440102194556,NSR
973.2797222222222,61.597621977282316,963.0,904,1281,377,3794.267033256173,2.9517907065323503,9.806665291854262,NSR
931.9247222222223,112.73410284544461,914.5,717,1459,742,12708.977944367283,1.614763617780953,4.324259942871005,NSR
832.8011111111111,43.10617897044574,829.0,728,1045,317,1858.1426654320987,1.257126004715004,3.672122439753908,NSR
989.4005555555556,61.85932158016304,981.0,909,1306,397,3826.575666358025,2.8559212088242223,9.476401694318701,NSR
986.8383333333334,77.16791919429846,964.0,814,1439,625,5954.887752777778,3.005084599232875,11.707503152004255,NSR
918.2808333333334,61.05905401398988,910.0,718,1393,675,3728.2080770833336,4.839166056470422,31.19255788942364,NSR
1000.645,47.47742244126851,992.0,899,1295,396,2254.1056416666665,3.0145181847236024,11.373523437568723,NSR
863.8788888888889,44.00406924224785,852.0,673,1030,357,1936.3581098765433,0.6889123992904119,3.5278346904136715,NSR
975.3908333333334,61.90710580624453,965.0,903,1280,377,3832.4897493055555,2.953392363808946,9.801873101158762,NSR
1034.0922222222223,61.55085833461947,1025.0,974,1484,510,3788.508161728395,4.7856183255707965,25.349166469688008,NSR
951.8588888888889,111.28234650298256,935.0,742,1454,712,12383.760643209876,1.6279694329288659,4.399211929532931,NSR
1043.6825,56.66353446613125,1034.0,997,1450,453,3210.7561381944447,4.927442888767274,26.447434162677098,NSR
859.4833333333333,36.02110106898764,861.0,785,1032,247,1297.5197222222223,1.446362696523428,4.608514508992163,NSR
971.6769444444444,126.48798283542469,927.0,798,1435,637,15999.209801774692,0.9784443331803387,-0.06777592685470779,NSR
852.8725,35.93132522798024,855.0,774,1035,261,1291.060132638889,1.5225816781697943,4.951198788260278,NSR
985.9155555555556,57.48777244116277,970.0,898,1304,406,3304.8439802469134,2.629095657283027,8.868007655590686,NSR
973.9597222222222,45.76937707354796,965.0,913,1283,370,2094.8358777006174,3.5934116358713917,16.699165868044616,NSR
1022.4852777777778,57.62307895019683,1011.0,971,1428,457,3320.419227700617,4.6890724425923604,23.95411837787779,NSR
856.4522222222222,71.93751104299987,838.0,775,1200,425,5175.005495061728,3.3054451150052726,10.618362606292918,NSR
964.8433333333334,34.28665775487602,961.0,898,1232,334,1175.5748999999998,4.4488989405099035,25.618170848922496,NSR
989.5836111111112,102.91036395418149,967.0,782,1484,702,10590.543009182098,0.9881758632232717,1.598643526266688,NSR
982.5455555555556,60.67031245658989,971.0,907,1291,384,3680.886813580247,2.869110419236609,9.519723581103674,NSR
1001.5375,33.11803359660044,992.0,936,1170,234,1096.8041493055555,1.7917002629092091,5.109446791749432,NSR
855.7486111111111,47.68522218400219,848.0,645,1030,385,2273.8804147376545,0.6760816774716623,2.6263505782573864,NSR
1025.206111111111,45.31904513053215,1015.0,979,1327,348,2053.81585154321,3.7791498524325586,17.140207516876934,NSR
984.3244444444445,47.96991837741442,971.0,943,1297,354,2301.113069135802,4.017437635706146,18.584159546749923,NSR
982.8705555555556,78.48629689118577,966.0,819,1455,636,6160.098799691357,3.2398065731229098,13.986413554277894,NSR
967.6566666666666,51.601113360081676,960.5,892,1342,450,2662.6749,3.721908929487357,19.176998909810017,NSR
1032.6169444444445,60.201787455903684,1020.0,971,1472,501,3624.2552128858024,4.6118226726978335,24.334106423124375,NSR
979.2708333333334,31.39542136425133,981.0,836,1039,203,985.6724826388889,-1.9695306250696722,5.746547045093781,NSR
927.9741666666666,58.01565066021218,919.0,663,1351,688,3365.815721527778,4.093498653472167,27.782694454834704,NSR
973.3869444444445,44.51313784337811,971.0,878,1289,411,1981.4194406635804,2.50754806695328,12.674345508925205,NSR
968.3658333333333,77.93168517914334,953.5,826,1457,631,6073.34755486111,3.719879726786014,17.422124878922034,NSR
834.4625,72.70178611878192,819.0,739,1169,430,5285.549704861111,3.1143266845730326,9.628837133622332,NSR
976.1286111111111,64.18387096861198,963.0,897,1306,409,4119.569292515432,2.856820493824013,9.3697492111915,NSR
976.3,61.59566633385105,963.0,897,1399,502,3794.0261111111113,4.313260407134189,22.495075963614795,NSR
932.5030555555555,115.91277367820463,916.0,721,1493,772,13435.77110177469,1.829765469691422,5.088760847841943,NSR
826.2997222222223,71.49261733393297,809.0,740,1177,437,5111.194333256172,3.3463500425978823,11.106714995890988,NSR
979.0661111111111,63.96503442757604,966.0,901,1410,509,4091.525629320988,4.28323858052868,21.570142118585345,NSR
1034.8944444444444,57.36782365889458,1024.0,986,1472,486,3291.067191358025,5.025566369134026,27.577381999957638,NSR
952.5352777777778,37.37720457906211,948.0,892,1252,360,1397.0554221450616,4.457261095547681,24.558204324732422,NSR
970.0308333333334,38.26161979458731,964.0,908,1286,378,1463.9515493055555,4.59687427818755,25.687297649721145,NSR
1001.5186111111111,50.899974768209084,994.0,826,1247,421,2590.807431404321,0.5720868493357653,2.3742439272321567,NSR
871.4325,44.771021125711314,863.0,808,1111,303,2004.444332638889,2.557240224816298,8.667601462502045,NSR
848.4341666666667,55.015332200063405,850.0,704,1088,384,3026.6867770833337,0.46568886095481754,1.109550651796809,NSR
847.7522222222223,54.554068445447925,836.0,673,1279,606,2976.1463839506173,4.302986287915277,25.44252605893331,NSR
966.7919444444444,53.12076693302224,961.0,870,1311,441,2821.8158795524687,2.8730321712961358,12.414162007900137,NSR
847.2944444444445,68.63903952499321,831.0,765,1185,420,4711.31774691358,3.470711915445865,12.038720127992638,NSR
985.0919444444445,59.481922011810745,975.0,916,1297,381,3538.0990462191353,2.975042988739612,10.172437017039748,NSR
987.535,61.87045963139437,975.0,914,1422,508,3827.953775,4.400919866194605,23.109959825478114,NSR
1001.9505555555555,33.643842093352966,995.0,938,1194,256,1131.908110802469,2.055326817139492,6.883125900120287,NSR
1006.5211111111112,74.67138451530211,991.0,827,1471,644,5575.815665432099,3.1655555450029382,13.727402536441511,NSR
993.0644444444445,48.20582332529065,987.0,817,1290,473,2323.801402469136,2.108664949414474,11.017886123051541,NSR
982.9025,45.36439125294199,979.0,907,1301,394,2057.92799375,2.674065925571412,12.929736737359269,NSR
855.8013888888889,38.237812121625964,847.0,810,1063,253,1462.1302758487655,3.0342857934653185,10.805223805878814,NSR
1004.4097222222222,72.33709026288393,982.0,876,1439,563,5232.654627700617,3.3421730832671828,13.697999031868735,NSR
997.4597222222222,48.23571797757061,993.0,827,1303,476,2326.6844888117284,2.225325253180166,11.371417444266772,NSR
940.9577777777778,63.98182811076175,933.0,729,1422,693,4093.674328395062,4.1610756595943625,25.029311888080365,NSR
854.7438888888889,38.32148318848622,855.0,774,1055,281,1468.5360737654319,1.3045454961160057,3.8667555442658736,NSR
979.4188888888889,81.8436794470538,959.0,849,1455,606,6698.387865432098,2.128859988930912,6.293849661016621,NSR
866.705,41.91258996080082,860.0,811,1077,266,1756.6651972222219,2.478205324689378,7.644229521407016,NSR
922.7480555555555,60.35489597738826,913.0,666,1366,700,3642.7134684413577,4.1723650345124526,27.84528986883965,NSR
860.7788888888889,73.21222954070575,842.0,767,1221,454,5360.030554320988,3.0424720001908785,9.67252817381252,NSR
986.0522222222222,67.03213197626904,1003.0,746,1199,453,4493.306717283951,-0.2507307104299025,0.5402718258828014,NSR
1009.1283333333333,47.131414122877985,1001.0,827,1284,457,2221.3701972222225,2.8402974149960474,10.441117977429307,NSR
989.1458333333334,45.50723519245167,983.0,822,1270,448,2070.9084548611113,2.1394892476281404,11.614455917044463,NSR
1037.8005555555555,57.63298823611952,1028.0,981,1456,475,3321.561333024691,4.838163080434364,25.971792335530296,NSR
996.9580555555556,36.056509145710315,990.0,918,1206,288,1300.0718517746916,1.863613245867127,6.119275724038996,NSR
831.2261111111111,121.98176997854542,798.0,640,1543,903,14879.552207098764,3.6112806302920513,14.753175777375086,NSR
958.4411111111111,110.30777588632478,941.0,762,1449,687,12167.805420987654,1.7149487961627385,4.642943307693089,NSR
880.0480555555556,43.74642425510941,879.0,760,1098,338,1913.749635108025,0.947288858737053,2.8643304866937473,NSR
975.5119444444445,27.897090083161448,977.0,837,1036,199,778.2476351080247,-1.8172668196251416,5.780989309634556,NSR
854.6780555555556,38.550961460804956,854.0,760,1042,282,1486.1766295524692,1.1388541283101987,3.2197711427032587,NSR
967.5991666666666,39.10267324443574,962.0,901,1248,347,1529.019054861111,4.216445344966912,22.310199922165104,NSR
871.4758333333333,58.717122946235484,857.0,667,1324,657,3447.700527083334,3.6561536116426736,21.075673207574695,NSR
857.6233333333333,37.499819406972556,859.0,781,1053,272,1406.2364555555553,1.408851121094446,4.103898829802865,NSR
981.1133333333333,66.06663252605912,959.0,902,1414,512,4364.799933333333,3.212054265671452,12.780048172153103,NSR
896.0136111111111,65.21496576079834,888.0,687,1370,683,4252.991759182099,4.318887375881856,25.787638791401903,NSR
860.2047222222222,46.47058842764667,849.0,655,1017,362,2159.5155888117283,0.7553594821462047,2.826743329454735,NSR
984.6422222222222,49.27327194732517,972.5,907,1294,387,2427.855328395062,3.317083227758314,14.227471447093317,NSR
970.6791666666667,83.29982732658507,944.0,863,1459,596,6938.861232638889,3.5556871377755632,15.11189075367209,NSR
990.0366666666666,66.30270054831854,975.0,904,1433,529,4396.0481,4.08264826866473,20.163521168174682,NSR
840.8566666666667,46.09106336614748,839.0,721,1087,366,2124.386122222222,1.0893691663642198,2.7793937875175114,NSR
836.0863888888889,123.228460066225,799.0,655,1545,890,15185.253370293209,3.8685696574918693,16.264965702730308,NSR
968.1633333333333,53.208588383622605,954.0,901,1311,410,2831.1538777777782,3.4755587545183286,14.1008109936736,NSR
919.5866666666667,67.8363941979361,909.0,701,1386,685,4601.776377777778,3.125401832744934,16.309021860238204,NSR
836.0452777777778,67.5909256313347,821.0,750,1157,407,4568.533227700617,3.220420020054827,10.432793569749858,NSR
960.0330555555555,35.90808121048987,956.0,901,1235,334,1289.3902962191357,4.658811382546657,26.784538501731973,NSR
980.0930555555556,62.6223731460359,971.0,908,1296,388,3921.561618441358,2.89471381542023,9.596116539755865,NSR
1000.1991666666667,51.499256190691185,993.0,929,1321,392,2652.173388194444,3.322738647812292,14.532968089505173,NSR
851.5836111111112,73.1740710624246,833.0,750,1213,463,5354.444675848766,3.030824355290128,9.236087947374529,NSR
939.0177777777777,55.987763698424466,944.0,817,1251,434,3134.6296839506167,0.9492340567415384,5.256911238976993,NSR
856.9230555555556,40.2684315506883,848.0,805,1071,266,1621.546579552469,2.8706172507632153,9.78508477617013,NSR
867.8186111111111,45.81246965454673,858.0,666,1035,369,2098.7823758487652,0.676699918969623,3.1607982265394527,NSR
855.5377777777778,38.585175845935034,847.0,791,1055,264,1488.8157950617285,2.8538378803184656,9.858390676631132,NSR
989.3458333333333,59.29895642116216,974.0,877,1403,526,3516.366232638889,3.8739766922526773,18.75882638975944,NSR
835.4258333333333,119.26495969234496,801.0,634,1546,912,14224.130610416667,3.7124589238010994,15.48924886664618,NSR
855.4461111111111,44.77790112679454,845.0,639,1019,380,2005.0604293209879,0.6113399027452642,3.4820207797679323,NSR
920.2980555555556,68.32144040080945,907.0,700,1408,708,4667.819218441357,3.8572883105303526,21.501928933331108,NSR
981.1611111111112,29.737847917518042,974.0,938,1209,271,884.3395987654322,4.704640214783578,26.05787452046441,NSR
1007.815,80.70522286210615,983.0,886,1472,586,6513.332997222222,2.5707166140871127,8.310642627805915,NSR
996.0463888888889,45.19779140700337,989.0,843,1261,418,2042.8403480709876,2.1950152096974596,11.268040836573086,NSR
858.5561111111111,39.27744852525837,861.0,771,1059,288,1542.717962654321,1.4303607717897955,4.559333818663639,NSR
843.2869444444444,107.53007923675858,862.0,584,1232,648,11562.717940663579,0.34707395579521894,2.2558160474198363,NSR
859.3272222222222,40.00527233385835,850.0,810,1079,269,1600.4218145061725,2.8241809618955678,9.624344888267798,NSR
931.845,55.250423603202655,924.0,693,1337,644,3052.609308333333,4.018207489553825,27.492892552864582,NSR
832.735,68.18353334526192,818.0,740,1158,418,4648.994219444445,3.1272457869363213,9.777549146082164,NSR
919.5866666666667,67.8363941979361,909.0,701,1386,685,4601.776377777778,3.125401832744934,16.309021860238204,NSR
844.9958333333333,40.61138639422583,843.0,765,1063,298,1649.284704861111,1.1393802133069468,2.9657264484543067,NSR
983.0313888888888,77.81515393163674,970.0,844,1464,620,6055.198181404321,3.813924107005883,17.487133897466926,NSR
851.0425,42.544742779742414,844.0,798,1091,293,1810.0551381944442,2.5988194673490397,8.730580449902591,NSR
991.0377777777778,48.45883379570236,983.0,823,1285,462,2348.2585728395056,2.0095735045220224,9.696992646500627,NSR
983.3197222222223,60.0829218657252,974.0,907,1290,383,3609.9574999228394,2.9370511399913823,9.961675731321362,NSR
980.8002777777778,40.483959099466595,977.0,865,1166,301,1638.950944367284,1.7628860086319376,5.001973239052967,NSR
997.0911111111111,53.67643315779477,980.0,939,1292,353,2881.1594765432096,2.9333377721755554,10.441398851051718,NSR
986.7797222222222,47.21723531756122,980.0,816,1269,453,2229.4673110339504,2.2223972464193475,11.433524820202816,NSR
851.9522222222222,36.74964014269098,854.0,771,1054,283,1350.5360506172842,1.4810080906918492,4.870755870096669,NSR
953.6522222222222,46.01767951988738,950.0,878,1294,416,2117.626828395062,3.6460042077641983,19.535954993157127,NSR
1008.92,59.902552718746655,994.0,964,1418,454,3588.315822222222,4.468361431447616,22.11212503564642,NSR
1035.163611111111,58.704648294699126,1025.0,978,1458,480,3446.235731404321,4.886424852485385,26.306898914147474,NSR
984.7425,38.092673170907226,981.0,857,1139,282,1451.0517493055554,1.13518728031987,3.4602660485631436,NSR
1022.7855555555556,58.52062421082581,1014.0,969,1447,478,3424.6634580246914,4.8233430896700105,25.869649456848272,NSR
994.7783333333333,46.757456654289676,985.0,827,1209,382,2186.259752777778,0.6924055329603728,2.961436096476178,NSR
843.595,118.16108297809205,810.0,631,1523,892,13962.041530555556,3.630307090254873,14.934970717661455,NSR
999.7122222222222,43.57914849960492,986.0,950,1248,298,1899.1421839506174,2.7332423886093977,9.47358808930683,NSR
998.8452777777778,33.76762428603528,993.0,933,1187,254,1140.2524499228396,1.6781522535660365,5.014362279085617,NSR
872.3197222222223,52.85052559320858,860.0,701,1264,563,2793.1780554783954,4.201678869929502,24.572171091821318,NSR
981.4675,64.56573781275604,969.0,898,1416,518,4168.734499305556,4.352744463315126,22.234309780655394,NSR
977.8119444444444,80.04926206611931,962.0,840,1459,619,6407.884357330247,2.2727625691080036,7.527696117247439,NSR
988.7383333333333,27.938282725798786,992.0,840,1051,211,780.5476416666668,-1.7646303694632854,5.367759359342056,NSR
994.4236111111111,46.79546806480646,982.0,829,1211,382,2189.815831404321,1.0924179991118788,3.921579208800014,NSR
976.4869444444445,60.27617777638399,966.0,907,1288,381,3633.2176073302467,2.975950749967192,9.947523686329808,NSR
953.0058333333334,111.90250081295969,937.0,735,1475,740,12522.169688194444,1.7447979436991374,4.792645386997846,NSR
833.6836111111111,116.37189742021954,811.0,578,1525,947,13542.418509182098,3.278116421101394,13.686009524850375,NSR
943.3608333333333,90.52507675516094,924.0,698,1458,760,8194.789521527779,1.261263207303588,2.921304117378348,NSR
1050.5827777777777,65.32168121480336,1037.0,992,1514,522,4266.922036728395,4.556516552244739,22.86372888518069,NSR
981.7452777777778,63.83355835409038,969.0,904,1296,392,4074.7231721450617,2.8247787519092284,9.058303590666544,NSR
982.0513888888889,46.711036921622814,971.0,925,1278,353,2181.92097029321,3.659695752090059,16.225514024502893,NSR
980.6872222222222,62.98757772640179,969.0,908,1292,384,3967.4349478395065,2.94894220015077,9.664296546589998,NSR
978.4275,52.19617130887624,963.0,929,1325,396,2724.440299305555,3.885582017149168,17.656514742300452,NSR
854.9505555555555,46.42865254849785,843.0,639,1030,391,2155.619777469136,0.6126944666400836,3.482816054748569,NSR
851.0777777777778,126.0677487859231,842.0,488,1436,948,15893.077283950615,-0.3443845922918706,2.1207327942485197,NSR
842.5161111111111,45.79131730396166,834.0,630,1012,382,2096.8447404320987,0.638348556007432,2.6996779938575424,NSR
853.64,35.53976427108717,856.0,767,1024,257,1263.0748444444444,1.2730343968712035,3.917526116595999,NSR
973.2416666666667,42.1281766029446,973.0,829,1168,339,1774.783263888889,1.1110258054722948,3.6469052371887782,NSR
969.0730555555556,60.55677268845623,957.0,892,1403,511,3667.122718441358,4.42600479100832,23.537699796146917,NSR
986.3255555555555,31.28608338511305,983.0,883,1127,244,978.8190135802469,1.7991527175976825,6.209167644373949,NSR
971.7458333333333,37.321592043197846,967.0,837,1130,293,1392.9012326388888,0.9157748884905892,2.436121086236569,NSR
979.8519444444445,35.20904273994935,979.0,834,1151,317,1239.6766906635803,0.5476099375503392,3.1642832304432655,NSR
858.9383333333334,53.40783939023684,847.0,690,1281,591,2852.3973083333335,4.677850698233178,29.55214206197749,NSR
923.8427777777778,71.73708751836308,908.0,685,1440,755,5146.209725617284,3.0829022534129353,16.063253890006514,NSR
1008.3855555555556,43.375072362696244,1001.0,914,1273,359,1881.3969024691357,3.196651968811964,12.65911091876178,NSR
979.42,38.6420430216738,974.0,881,1174,293,1493.207488888889,2.4541624370610475,8.098640263575575,NSR
861.9411111111111,97.15679411760084,858.0,678,1190,512,9439.442643209877,0.07769636115917136,-0.3639929119850178,NSR
947.5880555555556,80.54039029233319,938.0,713,1423,710,6486.754468441357,1.645121574779552,5.802530578210385,NSR
833.1466666666666,123.89162665634653,796.0,652,1551,899,15349.135155555556,3.732997320122934,15.50601538213907,NSR
1025.8336111111112,58.42200245021741,1016.0,977,1452,475,3413.1303702932096,4.95709945232758,26.91045359850147,NSR
993.4947222222222,78.06047139472886,970.0,875,1442,567,6093.437194367283,2.4156146038544377,7.36403218548768,NSR
998.6925,33.58553176220379,989.0,928,1177,249,1127.9879437499999,1.778003942474268,4.803208829639885,NSR
1006.1486111111111,41.113324053616175,999.0,947,1253,306,1690.3054147376545,3.2684669468528558,13.879234639921714,NSR
887.3586111111111,41.16432528110676,881.0,816,1111,295,1694.5016758487652,2.50841033534991,8.521163054879633,NSR
838.3363888888889,40.52542286110026,840.0,728,1036,308,1642.3098980709879,1.168922909251807,3.8651297857129494,NSR
964.6180555555555,65.06449327481175,952.0,872,1402,530,4233.388285108024,4.036006864456412,19.86562270462725,NSR
979.955,109.19764790659795,963.0,747,1479,732,11924.126308333334,1.6713512913497692,4.5251049011004145,NSR
1004.0061111111111,37.22721475224646,999.0,920,1206,286,1385.8655182098767,1.6698303669641628,5.300637737837041,NSR
859.6083333333333,38.91848229169386,850.0,811,1062,251,1514.6482638888888,3.0157585540935368,10.534555697971571,NSR
851.4175,69.75635275231609,833.0,774,1182,408,4865.948749305556,3.3135875998698325,10.624950070446207,NSR
861.8891666666667,46.02382468020715,852.0,641,1036,395,2118.1924381944445,0.6427040698316459,3.6281192407409417,NSR
1027.3733333333332,56.6721130715981,1017.0,977,1448,471,3211.7284,4.903674250741213,26.2674972998215,NSR
1033.3838888888888,77.46535689074102,1002.0,915,1493,578,6000.881518209877,2.309890643408759,6.979206649282222,NSR
925.5377777777778,64.19101456292215,917.0,704,1397,693,4120.486350617284,3.1878599175820743,17.874876443685274,NSR
957.1327777777777,38.372822168467614,952.0,895,1228,333,1472.4734811728397,4.4001425040302795,23.686416532768888,NSR
1038.8391666666666,58.43295749427525,1028.0,987,1445,458,3414.410521527778,4.640595469473317,23.455596555791168,NSR
958.6386111111111,40.2042522386748,953.0,810,1123,313,1616.3818980709877,0.7829179053201321,2.1778955410210488,NSR
978.8394444444444,63.35297326813936,966.0,897,1406,509,4013.5992219135805,4.2072529269994785,21.153113031632053,NSR
954.7369444444445,111.19487633878151,938.0,736,1447,711,12364.300523996913,1.6316769929711914,4.31749691379744,NSR
860.1041666666666,69.85362063610033,841.0,779,1195,416,4879.528315972222,3.2244571231664705,10.13708536242097,NSR
876.155,50.31183180370642,866.0,710,1289,579,2531.2804194444443,4.539128413657889,29.123834166101737,NSR
993.14,46.71100703022552,989.0,832,1264,432,2181.9181777777776,1.889807373162587,9.372606124571107,NSR
845.5488888888889,56.63473952432071,835.0,649,1293,644,3207.4937209876543,4.38380440033304,27.704174370564232,NSR
848.7133333333334,44.509013319401575,839.0,647,1011,364,1981.0522666666668,0.6700216331408767,3.1779770187943157,NSR
979.215,109.30521181789804,964.0,775,1472,697,11947.629330555557,1.8141614243547923,5.159828897685525,NSR
968.5280555555555,38.07823513063046,964.0,906,1260,354,1449.9519906635799,4.5409390286610005,25.445033937984576,NSR
998.6925,33.58553176220379,989.0,928,1177,249,1127.9879437499999,1.778003942474268,4.803208829639885,NSR
968.3625,111.77398566539433,952.0,765,1464,699,12493.423871527777,1.6056257159634313,4.286995319837462,NSR
989.2308333333333,44.98308687563706,977.0,949,1292,343,2023.4781048611112,3.864094198240042,17.372906941714476,NSR
851.2608333333334,37.94361341919817,852.0,763,1051,288,1439.7177993055557,1.5060772516764858,4.855055631368621,NSR
851.5805555555555,57.84535571218433,839.0,663,1304,641,3346.085177469136,4.423549816465695,27.4226858576056,NSR
1025.151111111111,54.827967811336826,1016.0,963,1434,471,3006.1060543209874,4.645651914689534,24.71064050931634,NSR
863.1580555555555,43.764188386259654,852.0,659,1018,359,1915.3041851080245,0.5347791523608431,3.4468658021078786,NSR
974.6838888888889,34.48305648976818,970.0,863,1122,259,1189.0811848765434,1.2738165161779427,3.4566623897938635,NSR
864.6727777777778,58.00493401480368,852.0,681,1322,641,3364.5723700617286,4.261050145281446,25.696180422452557,NSR
969.465,35.36734836760533,965.0,910,1235,325,1250.8493305555555,4.532537252843116,25.227598671873665,NSR
1033.4025,74.51233264347736,1023.0,957,1530,573,5552.087715972222,4.389630516501626,21.037090712750945,NSR
993.7813888888888,59.49924591738667,978.0,952,1391,439,3540.160264737655,4.398292724596762,21.333680639774855,NSR
974.4275,42.36991555042328,974.0,808,1145,337,1795.2097437500001,0.44678506442832444,2.1259136864786754,NSR
857.7425,68.164743855318,841.0,771,1187,416,4646.432304861111,3.408648654986601,11.38879008104148,NSR
866.9580555555556,49.13973461915884,866.0,790,1100,310,2414.713518441358,1.531571658396713,3.9985464007223275,NSR
935.2808333333334,113.53882482987923,919.0,717,1428,711,12891.064743750001,1.5914081013531611,4.077761532504064,NSR
864.8563888888889,59.810071506616204,854.0,655,1331,676,3577.2446536265434,4.197974253406648,25.50771789602556,NSR
978.5430555555556,62.02437541982294,967.0,901,1405,504,3847.0231462191355,4.348543292615887,22.31268608725796,NSR
871.4416666666667,57.724363597858556,860.0,678,1304,626,3332.102152777778,4.243460334942066,25.16674224115721,NSR
897.725,55.22477239528571,890.0,733,1322,589,3049.7754861111107,4.697068436130089,28.723025760046305,NSR
834.8605555555556,118.89687408152506,804.0,626,1525,899,14136.466666358025,3.711221532802375,15.519403472022569,NSR
993.0641666666667,50.522998551539764,983.0,827,1205,378,2552.573382638889,0.9625316781987372,3.128833589936101,NSR
869.2438888888889,43.48518223217458,860.0,679,1031,352,1890.9610737654318,0.7746943731253598,3.1274031385518173,NSR
922.1813888888889,77.41056946397988,901.0,694,1386,692,5992.396264737654,1.7417974045397446,6.025833277557739,NSR
829.4033333333333,44.87964881522334,825.0,719,1045,326,2014.1828777777778,0.8990680856673007,2.3180917534818084,NSR
859.1894444444445,55.104604563827536,849.0,672,1296,624,3036.517444135802,4.41433665015714,27.219444038215457,NSR
986.4244444444445,85.36775583206149,960.5,813,1481,668,7287.65373580247,2.107358433030766,6.14474888714002,NSR
1000.6305555555556,73.33364893661043,988.0,847,1493,646,5377.8240663580245,3.899901359150347,19.266072995113163,NSR
961.4127777777778,36.014058259018114,957.0,893,1240,347,1297.0123922839507,4.414221844935322,25.012129870054856,NSR
979.5455555555556,30.77507346723286,980.0,830,1067,237,947.1051469135801,-1.3749748139786058,4.676681297982729,NSR
1045.3011111111111,56.061210583600186,1037.0,985,1462,477,3142.859332098765,4.82168898406653,26.11896495720692,NSR
974.2813888888888,59.495079052004975,965.0,900,1284,384,3539.664431404321,2.9564697922807963,9.978705186996157,NSR
939.8455555555555,57.83803085842608,932.0,703,1352,649,3345.2378135802473,4.0036812402817645,25.706691092439904,NSR
1037.0297222222223,57.40066738801481,1026.0,986,1452,466,3294.836616589507,4.900483610510707,26.525220976857995,NSR
859.8919444444444,39.56926053835817,852.0,814,1082,268,1565.726379552469,3.070917656786349,11.14289072296655,NSR
1000.0705555555555,45.40195810415403,994.0,829,1288,459,2061.337799691358,2.0583090161667474,11.35553892758648,NSR
998.8452777777778,33.76762428603528,993.0,933,1187,254,1140.2524499228396,1.6781522535660365,5.014362279085617,NSR
836.7633333333333,73.77793324113473,823.0,731,1196,465,5443.183433333334,2.7665802636643186,8.163975933578998,NSR
961.2733333333333,32.535882072294,964.0,810,1026,216,1058.5836222222222,-1.7299947326675917,4.541546368205149,NSR
999.3586111111111,56.820052292438376,983.0,968,1401,433,3228.518342515432,4.754524328151624,24.88768118526447,NSR
925.8741666666666,66.93794804290347,913.0,688,1420,732,4480.688888194445,3.3001274196331214,18.518808488027105,NSR
986.9055555555556,36.585227319571096,992.0,829,1075,246,1338.4788580246911,-1.0177875421610894,1.727039037260302,NSR
866.0527777777778,64.79604748795816,854.5,644,1348,704,4198.527770061729,3.733680393593257,21.07841984952465,NSR
851.5716666666667,70.04960446791338,834.0,765,1178,413,4906.94708611111,3.274266711328438,10.56229835684217,NSR
975.5716666666667,111.84833916960949,961.0,760,1483,723,12510.050975,1.6372525377521927,4.474072007932523,NSR
861.0625,45.05715795119449,857.0,740,1078,338,2030.147482638889,0.9534715327516677,2.511669600510725,NSR
976.1458333333334,75.87456102289269,959.0,838,1427,589,5756.949010416667,3.399669255566189,14.36437125978066,NSR
985.3861111111111,63.940778384627905,973.0,899,1420,521,4088.423140432099,4.274401112807475,21.63480973522313,NSR
1059.3330555555556,91.0165242420739,1056.5,851,1529,678,8284.007685108025,1.2539299649568643,3.3332550231435647,NSR
1003.0213888888889,91.85097736287531,987.0,819,1471,652,8436.602042515433,1.3927827135988864,3.697802437260828,NSR
933.1052777777778,68.56232181121831,922.0,706,1431,725,4700.791972145062,3.4442743829936227,18.59147468915902,NSR
906.1208333333333,59.3782939144806,896.0,732,1335,603,3525.7817881944443,3.2366799077108954,16.338538888083058,NSR
973.2844444444445,86.46484630711825,962.0,824,1337,513,7476.1696469135795,1.890710606809082,4.750169475622347,LBBBB
984.3269444444444,90.62079444094509,973.0,858,1467,609,8212.128385108024,2.9368581758847854,10.274301485831765,LBBBB
977.47,83.3357712310066,967.0,827,1324,497,6944.850766666667,1.79380694560282,4.44384567874812,LBBBB
996.0722222222222,89.40853057458317,985.0,857,1452,595,7993.885339506173,3.044211256872564,10.775880736039367,LBBBB
976.7102777777778,87.83617139583438,966.0,821,1337,516,7715.193005478394,1.8801068240720216,4.739017159069882,LBBBB
1014.8430555555556,43.31026413625838,1010.0,906,1248,342,1875.778979552469,1.3170585445140925,3.193494445870292,LBBBB
973.3341666666666,80.00104339163333,964.0,829,1302,473,6400.1669437499995,1.8092847928546618,4.432457553569904,LBBBB
994.2197222222222,38.963612653781865,986.0,908,1215,307,1518.1631110339504,2.056143306182691,6.128860287991637,LBBBB
989.1158333333333,95.30714194047113,976.0,824,1378,554,9083.45130486111,1.845937857488332,4.598498665814275,LBBBB
985.5586111111111,57.30876322618934,982.0,854,1259,405,3284.294342515432,0.5215564322691286,0.5733704723405681,LBBBB
999.9591666666666,36.886624335402544,990.0,921,1199,278,1360.6230548611113,2.272946964338044,7.001148178109492,LBBBB
1007.3891666666667,45.28200457349966,1006.0,894,1227,333,2050.4599381944445,0.6884335173546039,2.281886355109851,LBBBB
983.0416666666666,88.72180890288475,973.0,821,1347,526,7871.559375,1.8607184594591584,4.738780325804373,LBBBB
971.7141666666666,83.36087357837609,961.0,820,1304,484,6949.0352437500005,1.8314503534981554,4.508978187769518,LBBBB
997.9575,41.499794167829585,992.0,901,1205,304,1722.2329159722224,1.4461040257922513,3.860417723576858,LBBBB
990.7347222222222,92.14719152246799,980.0,827,1377,550,8491.104905478396,1.8208682183350156,4.58029631923714,LBBBB
972.2663888888889,91.21407288634487,961.0,813,1340,527,8320.007092515432,1.849750115514859,4.689653885462227,LBBBB
976.5747222222222,88.46926318050025,968.0,807,1340,533,7826.810527700616,1.9194958862421838,4.914071515128279,LBBBB
982.3377777777778,75.79454184068604,972.0,835,1292,457,5744.812572839506,1.6089646361407162,3.6409662513572556,LBBBB
974.2080555555556,39.717905164592715,965.0,875,1164,289,1577.5119906635805,1.2615826279315405,2.815965585169881,LBBBB
1052.0827777777777,69.97435905828137,1042.0,961,1455,494,4896.410925617284,3.1036293930961856,11.3237242673991,LBBBB
942.7525,75.12351399436204,939.0,708,1220,512,5643.542354861111,0.4406001986125955,0.7907056241011485,LBBBB
985.2141666666666,85.79034502381697,975.0,836,1332,496,7359.983299305556,1.9679914553723374,5.036563606958724,LBBBB
995.9813888888889,82.93949895532211,988.0,847,1348,501,6878.960486959877,1.9488038367035354,5.332641019709747,LBBBB
987.4652777777778,41.86889477789973,976.0,886,1206,320,1753.0043499228395,1.8300820518469145,5.047270850786784,LBBBB
999.6597222222222,42.681482322620575,996.0,903,1195,292,1821.7089332561727,1.2927835862234636,3.201892099279365,LBBBB
966.6341666666667,86.68546141959318,953.0,814,1317,503,7514.369221527777,1.7785632393244173,4.085086984287884,LBBBB
971.575,92.20098780803694,961.0,794,1350,556,8501.022152777778,1.8019130557322045,4.328920079138109,LBBBB
1001.2444444444444,85.85258180432977,992.0,841,1346,505,7370.665802469136,1.8405615069269123,4.6370968772265,LBBBB
989.3522222222222,37.75461481072443,984.0,874,1165,291,1425.4109395061728,0.7322364498007592,1.4100363459318874,LBBBB
980.2797222222222,91.5189587519108,970.0,803,1351,548,8375.71981103395,1.7524108201985862,4.031413761686772,LBBBB
990.4505555555555,51.66962679393661,991.0,881,1215,334,2669.750333024692,0.7532564962540562,0.8030272278153823,LBBBB
980.1636111111111,38.11528795442539,972.0,864,1174,310,1452.7751758487652,0.8790432735874522,1.5482727145348019,LBBBB
985.4755555555555,88.36196996334152,975.0,821,1352,531,7807.837735802469,1.7367607936805611,4.3015936940120465,LBBBB
982.4161111111111,81.3958411877064,972.0,826,1308,482,6625.282962654322,1.6583990187906257,4.055519737266397,LBBBB
977.1538888888889,91.81691738568594,964.0,860,1430,570,8430.346318209877,2.818723489246908,9.322842028777414,LBBBB
978.5766666666667,92.83135371916825,968.0,817,1360,543,8617.660233333332,1.946578377351765,5.004344934937674,LBBBB
978.4375,87.47692066657099,968.0,815,1325,510,7652.2116493055555,1.7972286157855664,4.209042984736137,LBBBB
972.4161111111111,90.65362753291532,962.0,806,1340,534,8218.080184876542,1.9558335021839894,4.926647888519671,LBBBB
964.3058333333333,42.26675958684581,958.0,844,1177,333,1786.478965972222,1.1651836297644165,3.011852174863268,LBBBB
963.6436111111111,85.039810535118,951.0,816,1315,499,7231.769375848766,1.8684251534451977,4.691143696173692,LBBBB
994.9697222222222,46.460179185220966,990.0,877,1248,371,2158.5482499228397,1.0278263154969585,2.8988593231525437,LBBBB
977.4222222222222,84.7738170765502,966.0,827,1318,491,7186.600061728395,1.7293900013995858,3.9546027336880147,LBBBB
1003.8158333333333,42.629589676329545,999.0,896,1216,320,1817.2819159722226,1.1286488694818992,2.590306438093582,LBBBB
980.2797222222222,91.5189587519108,970.0,803,1351,548,8375.71981103395,1.7524108201985862,4.031413761686772,LBBBB
995.2583333333333,91.93237815251914,984.0,875,1463,588,8451.562152777778,3.018307311397655,10.715959888194538,LBBBB
974.6191666666666,86.0252528775062,964.0,821,1335,514,7400.344132638889,1.7965668425273524,4.444074952665989,LBBBB
964.6244444444444,59.57548024912246,959.0,805,1216,411,3549.2378469135797,0.8234550761533227,1.546939351673096,LBBBB
977.28,90.73157872415634,964.0,811,1336,525,8232.219377777777,1.7692226628587,4.119916023920564,LBBBB
983.0819444444444,90.46197609184401,970.0,871,1442,571,8183.369118441357,3.1256072931063246,10.89392008608026,LBBBB
980.4425,86.36364991756274,969.0,819,1348,529,7458.680027083334,1.8157783134582042,4.585367761213107,LBBBB
969.1341666666667,46.20964364688633,967.0,839,1201,362,2135.331165972222,1.1253422370903303,3.1941393519337806,LBBBB
983.4594444444444,90.97155855737563,973.0,869,1452,583,8275.824466358024,2.893282194581223,9.842938333424568,LBBBB
982.1925,86.63335192621963,972.0,828,1342,514,7505.337665972223,1.9211105087799798,4.929969181342978,LBBBB
986.9305555555555,40.19883441817993,979.0,865,1197,332,1615.946288580247,1.3109145910140783,3.3608703808026146,LBBBB
989.2780555555555,85.6719723817229,979.0,833,1336,503,7339.686851774691,1.755711525835016,4.1649925651304045,LBBBB
976.6847222222223,87.77822616578514,967.0,703,1335,632,7705.016988811728,1.5219359632662064,4.093292312260614,LBBBB
970.5466666666666,78.23013443254034,960.0,818,1274,456,6119.953933333334,1.5694465778904616,3.467867310228116,LBBBB
991.3966666666666,45.99923175686983,986.0,873,1228,355,2115.9293222222223,0.9601521076572587,1.8193762351938254,LBBBB
987.0216666666666,40.55156631445394,979.0,900,1212,312,1644.4295305555556,1.8644684732579992,5.459541242887415,LBBBB
995.7069444444444,83.4766132025892,983.0,889,1461,572,6968.344951774691,3.131672271969518,11.392260960368137,LBBBB
977.0397222222222,84.77657125206333,967.0,823,1325,502,7187.067033256172,1.8404740527031367,4.606415040508309,LBBBB
1053.3036111111112,62.144319381616214,1062.0,802,1121,319,3861.916431404321,-2.426854565159943,5.908703092553861,LBBBB
974.8280555555556,91.72950659167675,966.0,812,1343,531,8414.30237955247,1.8338688428323895,4.521677101719699,LBBBB
1007.2611111111111,42.895177647750785,1002.0,903,1223,320,1839.9962654320987,1.2324842841995,2.6626630363859576,LBBBB
998.035,93.44713833975275,987.0,878,1492,614,8732.36766388889,3.194871392068985,11.819808887399645,LBBBB
974.6566666666666,94.48371940886607,968.0,794,1384,590,8927.173233333333,1.9732829432772876,5.458679062126027,LBBBB
973.5647222222223,82.52452315612045,963.0,818,1324,506,6810.296922145061,1.7103951430232176,4.1381704770216325,LBBBB
982.3208333333333,36.901823342109026,974.0,885,1179,294,1361.7445659722223,1.9806682155994368,6.0179510066975705,LBBBB
979.4547222222222,85.0825981354495,970.0,814,1351,537,7239.048505478395,1.8070121334796263,4.5224886622650295,LBBBB
987.5691666666667,48.91659789177448,978.0,887,1250,363,2392.8335493055556,1.975346279922114,5.710437779308998,LBBBB
995.4561111111111,84.67161577653917,987.0,814,1303,489,7169.282518209877,0.4311602139363475,-0.36273554924908735,LBBBB
973.4847222222222,87.10630025645266,964.0,815,1335,520,7587.507544367283,1.878515578160709,4.611296919196113,LBBBB
977.855,88.23656383394712,965.0,848,1427,579,7785.691197222223,2.8330392565607303,9.48423448634024,LBBBB
1015.1994444444445,84.4086238335227,1003.0,913,1469,556,7124.815777469136,3.1915381779696275,11.506237214659494,LBBBB
976.0741666666667,42.69278887034411,970.0,861,1165,304,1822.6742215277777,0.9404193120512707,1.5642170405730864,LBBBB
999.69,81.11371654110734,986.0,892,1439,547,6579.435011111111,3.0056565814637937,10.600242964049958,LBBBB
993.9538888888889,58.04827097041152,992.0,803,1294,491,3369.601762654321,0.5476076364540832,3.958790541366615,LBBBB
975.1963888888889,83.9333865386639,966.0,811,1314,503,7044.813375848766,1.7890100179949513,4.398555640187084,LBBBB
978.9369444444444,88.78080480472505,970.0,817,1339,522,7882.031301774691,1.9023863785372321,4.796342356253803,LBBBB
1050.3305555555555,60.861095580402704,1060.0,793,1115,322,3704.0729552469134,-2.4377779125465455,6.004677735308105,LBBBB
980.2197222222222,84.9186885590534,968.0,831,1326,495,7211.183666589506,1.7879872974504383,4.369614174797316,LBBBB
961.6802777777777,69.30722865882954,951.0,831,1239,408,4803.491944367283,1.4448406743642082,2.7901028568518687,LBBBB
986.0925,83.10918554244036,977.0,826,1328,502,6907.136721527777,1.7985871640270097,4.511511443005082,LBBBB
1000.0772222222222,40.03731083565201,994.0,889,1224,335,1602.9862589506174,1.519365044271155,4.185785975077352,LBBBB
1002.0408333333334,37.839012046284836,994.0,891,1196,305,1431.790832638889,1.3380813938394929,3.044835616781211,LBBBB
987.8627777777778,92.20895384973049,977.0,828,1365,537,8502.491170061727,1.8508326272398818,4.619601299650321,LBBBB
982.2597222222222,91.40003367328919,973.0,869,1487,618,8353.966155478396,3.3668082655025877,13.038683483318144,LBBBB
976.6230555555555,43.32940202163502,968.0,856,1200,344,1877.4370795524692,1.0487894924228098,2.144422254325746,LBBBB
990.8841666666667,87.4121252355441,980.0,829,1338,509,7640.879638194445,1.7088192535637863,3.9100210559350774,LBBBB
973.5322222222222,50.40465769434359,960.0,877,1262,385,2540.629517283951,2.039846815934903,5.831087510883227,LBBBB
975.8005555555555,85.68087236122335,965.0,829,1318,489,7341.2118885802465,1.874622742608841,4.703242248237888,LBBBB
982.0077777777777,39.97633251973466,977.0,875,1197,322,1598.1071617283949,1.0506625819171795,2.6845506925368783,LBBBB
978.335,97.21705095929532,967.0,816,1368,552,9451.154997222222,1.9309937222261562,4.849348067145276,LBBBB
1004.4694444444444,40.466229538031975,1000.0,898,1251,353,1637.5157330246914,0.9419425173019828,2.4422239618146238,LBBBB
970.1075,84.21045626138122,955.0,805,1300,495,7091.40094375,1.4794398350892195,3.0308327255417877,LBBBB
985.5719444444444,43.42213774354201,974.0,872,1207,335,1885.4820462191358,1.824081055067047,4.642320730411534,LBBBB
987.1658333333334,55.392458365286515,982.0,861,1249,388,3068.32444375,1.1895984606677823,2.5686888398352243,LBBBB
965.5755555555555,67.76841580151415,945.0,827,1201,374,4592.558180246913,0.8329960773523389,-0.01295325816482551,LBBBB
970.2561111111111,90.13565373239067,958.0,854,1430,576,8124.4360737654315,2.865982589187703,9.538939860890038,LBBBB
982.2827777777778,88.67643137369049,972.0,835,1335,500,7863.509481172839,1.9930313346445816,5.109436511029539,LBBBB
985.5061111111111,43.39698487208131,975.0,868,1220,352,1883.2982959876542,1.5078358408824886,4.127779675227264,LBBBB
994.2580555555555,85.48614778363687,984.0,872,1415,543,7307.881462885803,2.7922363600795816,9.121524870933591,LBBBB
834.9283333333333,75.46258364617232,845.0,588,1167,579,5694.601530555555,-0.060799516326265686,4.382648909960089,RBBBB
991.6252777777778,66.37867692205712,990.0,807,1308,501,4406.128749922839,0.8247563815113619,3.2295615871014602,RBBBB
1007.4930555555555,66.0638281983351,1000.0,856,1342,486,4364.429396219136,1.333420637522693,4.335308894778114,RBBBB
843.1225,77.948799038393,853.0,580,1153,573,6076.015271527777,-0.5320634110736372,4.291743051627035,RBBBB
832.7686111111111,88.90499338097376,843.0,516,1198,682,7904.097848070988,-0.6027959180942999,4.024676172262313,RBBBB
987.6486111111111,62.41982077712788,980.0,839,1303,464,3896.2340258487657,1.2865374547173243,4.094721481010473,RBBBB
995.3633333333333,59.857411032850024,988.0,861,1297,436,3582.909655555556,1.3338603532552196,4.638848430544447,RBBBB
823.0522222222222,70.55996697495098,832.0,572,1111,539,4978.708939506174,-0.2599148438554927,3.772034531021326,RBBBB
984.1430555555555,64.90709455827547,975.0,834,1307,473,4212.930923996913,1.3482842576646636,4.393563648881577,RBBBB
822.5947222222222,93.96717763211292,836.0,502,1190,688,8829.830472145062,-0.4740580163543846,3.102330790141851,RBBBB
1020.8672222222223,63.624865274300106,1011.0,823,1405,582,4048.1234811728395,2.1108700824373834,9.28464865856135,RBBBB
922.6022222222222,67.10362712133752,917.0,640,1236,596,4502.8967728395055,0.17801356627544582,2.2733793812677563,RBBBB
995.9377777777778,61.090852339005494,984.0,862,1315,453,3732.0922395061734,1.817308691143791,5.965627132387519,RBBBB
888.8005555555555,73.40563253988243,880.0,780,1334,554,5388.386888580247,2.8780194710869123,11.650327183840536,RBBBB
990.2994444444445,65.05795108740635,982.0,847,1308,461,4232.536999691358,1.383718494024879,4.5218058821177705,RBBBB
977.4508333333333,64.59517374794945,973.0,807,1305,498,4172.536471527777,1.1125326554837356,4.059898689449246,RBBBB
859.3155555555555,70.71702515599465,850.0,776,1308,532,5000.8976469135805,4.197690973624338,19.494832578985914,RBBBB
1009.7883333333333,64.46999885821138,1001.0,846,1345,499,4156.380752777777,1.2478612593995673,3.9699006657166285,RBBBB
996.3338888888889,66.56476934692913,987.0,842,1316,474,4430.868518209876,1.252880843332271,3.9748350461288293,RBBBB
1014.5894444444444,65.52609573226212,1007.0,871,1338,467,4293.66922191358,1.3654395571991416,4.379133363902177,RBBBB
857.4286111111111,70.22770435648668,846.0,769,1319,550,4931.930459182099,3.97273379489232,18.739464805381296,RBBBB
851.4288888888889,66.93212522887886,854.0,587,1161,574,4479.909387654321,-0.19640190359571646,4.494748183824907,RBBBB
974.5277777777778,65.77601560139578,967.0,805,1292,487,4326.484228395062,1.1768255670976626,3.769420641659801,RBBBB
854.3155555555555,87.63706333016758,866.0,558,1216,658,7680.254869135802,-0.37222761145811445,4.775681840361317,RBBBB
845.9841666666666,81.88683264369594,859.0,552,1167,615,6705.453360416666,-0.7104627077229121,4.104064320834065,RBBBB
862.6583333333333,79.38207142603983,872.0,588,1165,577,6301.513263888889,-0.9084041969893839,4.53278882530272,RBBBB
997.1886111111111,62.60163055441118,989.0,855,1310,455,3918.9641480709874,1.3245678983221179,4.366204857937228,RBBBB
847.0811111111111,70.29507315506929,840.0,749,1296,547,4941.397309876543,4.140937489130415,19.612941810122024,RBBBB
851.9988888888889,77.21494169516451,860.0,578,1164,586,5962.147220987655,-0.44371582969226525,4.5024743292127285,RBBBB
877.3011111111111,90.55120956851425,887.0,571,1238,667,8199.521554320987,-0.6457834386677127,4.070130448138524,RBBBB
1001.6227777777777,64.57125635946312,998.5,825,1317,492,4169.447147839506,0.9908998965559238,3.703451405104734,RBBBB
857.5602777777777,85.41091349685522,871.0,544,1194,650,7295.024144367284,-0.32837878549683924,3.372211947155585,RBBBB
866.8688888888889,74.23077400833527,853.0,761,1347,586,5510.207809876543,3.4875404193712027,15.267819310527004,RBBBB
864.2441666666666,74.57089910782892,872.0,593,1160,567,5560.818993749999,-0.7988838836527558,4.50126181043363,RBBBB
832.0138888888889,70.65749804034239,821.0,743,1297,554,4992.482029320989,4.015580074076706,19.044166045565795,RBBBB
876.1197222222222,71.91953335291198,859.0,778,1327,549,5172.419277700618,3.477083089153581,15.139987391075044,RBBBB
849.4388888888889,78.49386486208749,851.0,586,1214,628,6161.286820987653,0.1488829063711506,4.30869731921564,RBBBB
809.0363888888888,76.39339746240356,813.0,550,1137,587,5835.951175848765,-0.21503560128617982,2.567137655834932,RBBBB
897.5086111111111,73.68719874701506,888.0,791,1344,553,5429.803259182098,3.589712908573481,15.349079834413308,RBBBB
866.2755555555556,73.90735689002236,857.0,768,1350,582,5462.297402469135,3.793694575367608,17.75953275140086,RBBBB
848.5238888888889,96.91318558602899,818.0,714,1394,680,9392.165540432097,1.7775300535341747,4.446392828168885,RBBBB
822.5947222222222,93.96717763211292,836.0,502,1190,688,8829.830472145062,-0.4740580163543846,3.102330790141851,RBBBB
991.3063888888889,65.82819189428636,989.0,830,1320,490,4333.350848070988,1.0409313483868712,3.830878130600504,RBBBB
1001.7877777777778,65.86019254244854,994.0,854,1329,475,4337.564961728395,1.2819872314209306,4.126996461501198,RBBBB
855.505,72.61435026142483,848.0,777,1327,550,5272.843863888888,4.289036350966721,20.18302265408156,RBBBB
1024.8866666666668,66.27539295327573,1018.0,856,1346,490,4392.4277111111105,1.2166880324452483,3.8413865007959282,RBBBB
999.8961111111112,64.15358989166276,996.0,840,1331,491,4115.683095987654,1.2153448374744056,4.4984285013570435,RBBBB
851.2475,69.31170832129783,843.0,774,1299,525,4804.112910416667,4.283005409263598,20.611536572893343,RBBBB
863.4733333333334,71.35353966147876,871.0,618,1202,584,5091.327622222223,0.1717745404373178,5.077578922418633,RBBBB
1002.4355555555555,65.30534912770437,998.0,849,1329,480,4264.788624691358,1.236401991398078,3.6927922422455515,RBBBB
987.895,61.45902047073499,981.0,833,1302,469,3777.2111972222224,1.2376777579476794,4.846350705880294,RBBBB
855.2383333333333,68.54758588422757,848.0,782,1296,514,4698.771530555555,4.37020388159307,21.09980477680714,RBBBB
986.4713888888889,62.0536843141475,975.0,851,1299,448,3850.659736959876,1.3470852539006528,4.262405310671588,RBBBB
1001.3236111111111,66.1954177523212,994.0,849,1342,493,4381.833331404321,1.3281700205603975,4.235032443011915,RBBBB
860.645,67.82344790786672,853.0,781,1306,525,4600.020086111112,4.330070002589871,20.929357938667984,RBBBB
988.6383333333333,77.21355506717141,986.0,777,1370,593,5961.933086111111,0.7291465347339863,1.9231036178186747,RBBBB
874.8483333333334,91.43622426770112,882.0,558,1250,692,8360.583108333334,-0.6930935985510448,4.1269146009196245,RBBBB
1002.7575,63.696444383366746,994.0,857,1327,470,4057.2370270833335,1.3167895068742816,4.427045512279595,RBBBB
842.5819444444444,71.996037364699,829.0,746,1292,546,5183.429396219136,3.545273608057187,15.497694121294026,RBBBB
968.4083333333333,64.50690692993012,963.0,814,1278,464,4161.141041666667,1.1282172735168887,3.543319341839192,RBBBB
868.0183333333333,79.13666236679151,879.0,588,1173,585,6262.6113305555555,-0.8124693739714925,4.634228020038669,RBBBB
985.9452777777777,67.00406749618973,979.0,823,1331,508,4489.54506103395,1.251518094276687,4.052586565073399,RBBBB
